Compound ID,measured log(solubility:mol/L),ESOL predicted log(solubility:mol/L),SMILES
"1,1,1,2-Tetrachloroethane",-2.18,-2.794,ClCC(Cl)(Cl)Cl
"1,1,1-Trichloroethane",-2,-2.232,CC(Cl)(Cl)Cl
"1,1,2,2-Tetrachloroethane",-1.74,-2.549,ClC(Cl)C(Cl)Cl
"1,1,2-Trichloroethane",-1.48,-1.961,ClCC(Cl)Cl
"1,1,2-Trichlorotrifluoroethane",-3.04,-3.077,FC(F)(Cl)C(F)(Cl)Cl
"1,1-Dichloroethane",-1.29,-1.576,CC(Cl)Cl
"1,1-Dichloroethylene",-1.64,-1.939,ClC(=C)Cl
"1,1-Diethoxyethane ",-0.43,-0.899,CCOC(C)OCC
"1,2,3,4-Tetrachlorobenzene",-4.57,-4.546,Clc1ccc(Cl)c(Cl)c1Cl
"1,2,3,4-Tetrahydronapthalene",-4.37,-3.447,C1CCc2ccccc2C1
"1,2,3,5-Tetrachlorobenzene",-4.63,-4.621,Clc1cc(Cl)c(Cl)c(Cl)c1
"1,2,3-Trichlorobenzene",-4,-4.008,Clc1cccc(Cl)c1Cl
"1,2,3-Trimethylbenzene ",-3.2,-3.312,Cc1cccc(C)c1C
"1,2,4,5-Tetrabromobenzene",-6.98,-6.001,Brc1cc(Br)c(Br)cc1Br
"1,2,4,5-Tetrachlorobenzene",-5.56,-4.621,Clc1cc(Cl)c(Cl)cc1Cl
"1,2,4,5-Tetramethylbenzene",-4.59,-3.664,Cc1cc(C)c(C)cc1C
"1,2,4-tribromobenzene",-4.5,-5.144,c1(Br)c(Br)cc(Br)cc1
"1,2,4-Trichlorobenzene",-3.59,-4.083,Clc1ccc(Cl)c(Cl)c1
"1,2,4-Trimethylbenzene",-3.31,-3.343,Cc1ccc(C)c(C)c1
"1,2-Benzenediol",0.62,-1.635,Oc1ccccc1O
"1,2-Dibromobenzene",-3.5,-4.172,Brc1ccccc1Br
"1,2-Dibromoethane",-1.68,-2.102,BrCCBr
"1,2-Dichlorobenzene",-3.05,-3.482,Clc1ccccc1Cl
"1,2-Dichloroethane",-1.06,-1.374,ClCCCl
"1,2-Dichloropropane",-1.6,-1.794,CC(Cl)CCl
"1,2-Dichlorotetrafluoroethane",-2.74,-2.697,FC(F)(Cl)C(F)(F)Cl
"1,2-Diethoxyethane ",-0.77,-0.833,CCOCCOCC
"1,2-Diethylbenzene",-3.28,-3.601,CCc1ccccc1CC
"1,2-Dinitrobenzene",-3.1,-2.281,O=N(=O)c1ccccc1N(=O)=O
"1,2-Propylene oxide",-0.59,-0.358,CC1CO1
"1,3,5-Tribromobenzene",-5.6,-5.27,Brc1cc(Br)cc(Br)c1
"1,3,5-Trichlorobenzene",-4.48,-4.159,Clc1cc(Cl)cc(Cl)c1
"1,3,5-Trimethylbenzene ",-3.4,-3.375,Cc1cc(C)cc(C)c1
"1,3,5-Trinitrobenzene",-2.89,-2.324,O=N(=O)c1cc(cc(c1)N(=O)=O)N(=O)=O
"1,3-Benzenediol",0.81,-1.59,Oc1cccc(O)c1
"1,3-Butadiene",-1.87,-1.376,C=CC=C
"1,3-Dibromobenzene",-3.54,-4.298,Brc1cccc(Br)c1
"1,3-Dichlorobenzene",-3.04,-3.558,Clc1cccc(Cl)c1
"1,3-Dichloropropane",-1.62,-1.618,ClCCCCl
"1,3-diethylthiourea",-1.46,-1.028,CCNC(=S)NCC
"1,3-Difluorobenzene",-2,-2.636,Fc1cccc(F)c1
"1,3-Dimethylnaphthalene",-4.29,-4.147,Cc1cc(C)c2ccccc2c1
"1,3-Dinitrobenzene",-2.29,-2.281,O=N(=O)c1cccc(c1)N(=O)=O
"1,4-Benzenediol",-0.17,-1.59,Oc1ccc(O)cc1
"1,4-Cyclohexadiene",-2.06,-1.842,C1C=CCC=C1
"1,4-Dibromobenzene",-4.07,-4.298,Brc1ccc(Br)cc1
"1,4-Dichlorobenzene",-3.27,-3.558,Clc1ccc(Cl)cc1
"1,4-Diethylbenzene ",-3.75,-3.633,CCc1ccc(CC)cc1
"1,4-Difluorobenzene",-1.97,-2.636,Fc1ccc(F)cc1
"1,4-Dimethylnaphthalene ",-4.14,-4.147,Cc1ccc(C)c2ccccc12
"1,4-Dinitrobenzene",-3.39,-2.281,O=N(=O)c1ccc(cc1)N(=O)=O
"1,4-Pentadiene ",-2.09,-1.758,C=CCC=C
"1,5-Dimethlnapthalene",-4.679,-4.147,Cc1cccc2c(C)cccc12
"1,5-Hexadiene ",-2.68,-2.112,C=CCCC=C
"1,7-phenantroline",-2.68,-2.994,c1cnc2c(c1)ccc3ncccc23
"1,8-Cineole",-1.74,-2.579,CC12CCC(CC1)C(C)(C)O2
17a-Methyltestosterone,-3.999,-4.073,CC1(O)CCC2C3CCC4=CC(=O)CCC4(C)C3CCC21C
1-aminoacridine,-4.22,-3.542,Nc2cccc3nc1ccccc1cc23
1-Bromo-2-methylpropane,-2.43,-2.288,CC(C)CBr
1-Bromobutane,-2.37,-2.303,CCCCBr
1-Bromoheptane,-4.43,-3.366,CCCCCCCBr
1-Bromohexane,-3.81,-3.012,CCCCCCBr
1-Bromonapthalene,-4.35,-4.434,Brc1cccc2ccccc12
1-Bromooctane,-5.06,-3.721,CCCCCCCCBr
1-Bromopentane,-3.08,-2.658,CCCCCBr
1-Bromopropane,-1.73,-1.949,CCCBr
1-Butanol,0,-0.688,CCCCO
1-Butene,-1.94,-1.655,CCC=C
1-Butyne,-1.24,-1.092,CCC#C
1-Chloro-2-bromoethane,-1.32,-1.738,ClCCBr
1-Chloro-2-methylpropane,-2,-1.924,ClCC(C)C
1-Chlorobutane,-2.03,-1.94,CCCCCl
1-Chloroheptane,-4,-3.003,CCCCCCCCl
1-Chlorohexane,-3.12,-2.648,CCCCCCCl
1-Chloronapthalene,-3.93,-4.063,Clc1cccc2ccccc12
1-Chloropentane,-2.73,-2.294,CCCCCCl
1-Chloropropane,-1.47,-1.585,CCCCl
1-Decanol,-3.63,-2.814,CCCCCCCCCCO
1-Decene,-5.51,-3.781,CCCCCCCCC=C
1-Dodecanol,-4.8,-3.523,CCCCCCCCCCCCO
1-Ethylnaphthalene ,-4.17,-4.1,CCc1cccc2ccccc12
1-Heptanol,-1.81,-1.751,CCCCCCCO
1-Heptene,-3.73,-2.718,CCCCCC=C
1-Heptyne,-3.01,-2.155,CCCCCC#C
1-Hexadecanol,-7,-4.94,CCCCCCCCCCCCCCCCO
1-Hexanol,-1.24,-1.397,CCCCCCO
1-Hexene,-3.23,-2.364,CCCCC=C
1-Hexene-3-ol,-0.59,-1.199,CCCC(O)C=C
1-Hexyne ,-2.36,-1.801,CCCCC#C
1-Iodobutane,-2.96,-2.841,CCCCI
1-Iodoheptane,-4.81,-3.904,CCCCCCCI
1-Iodonapthalene,-4.55,-4.889,Ic1cccc2ccccc12
1-Iodopropane,-2.29,-2.486,CCCI
1-Methylcyclohexene ,-3.27,-2.574,CC1=CCCCC1
1-Methylfluorene,-5.22,-4.478,Cc1cccc2c1Cc3ccccc32
1-Methylnaphthalene,-3.7,-3.802,Cc1cccc2ccccc12
1-Methylphenanthrene,-5.85,-4.87,Cc1cccc2c1ccc3ccccc32
1-methyluracil,-0.807,-0.375,Cn1ccc(=O)[nH]c1=O
1-Napthol,-2.22,-3.08,Oc1cccc2ccccc12
1-Napthylamine,-1.92,-2.721,Nc1cccc2ccccc12
1-Nitronapthalene,-3.54,-3.414,O=N(=O)c1cccc2ccccc12
1-Nitropropane,-0.8,-0.816,CCCN(=O)=O
1-Nonanol,-3.01,-2.46,CCCCCCCCCO
1-Nonene ,-5.05,-3.427,CCCCCCCC=C
1-Nonyne ,-4.24,-2.864,CCCCCCCC#C
1-Octadecanol,-8.4,-5.649,CCCCCCCCCCCCCCCCCCO
1-Octanol,-2.39,-2.105,CCCCCCCCO
1-Octene ,-4.44,-3.073,CCCCCCC=C
1-Octyne ,-3.66,-2.509,CCCCCCC#C
1-Pentadecanol,-6.35,-4.586,CCCCCCCCCCCCCCCO
1-Pentanol,-0.6,-1.042,CCCCCO
1-Pentene ,-2.68,-2.01,CCCC=C
1-Pentyne,-1.64,-1.446,CCCC#C
1-Phenylethanol,-0.92,-1.919,CC(O)c1ccccc1
1-Propanol,0.62,-0.334,CCCO
1-Tetradecanol,-5.84,-4.231,CCCCCCCCCCCCCCO
"2,2',3,3',4,4',5,5',6,6'-PCB",-11.6,-9.589,Clc1c(Cl)c(Cl)c(c(Cl)c1Cl)c2c(Cl)c(Cl)c(Cl)c(Cl)c2Cl
"2,2',3,3',4,4',5,5'-PCB",-9.16,-8.468,Clc1cc(c(Cl)c(Cl)c1Cl)c2cc(Cl)c(Cl)c(Cl)c2Cl
"2,2',3,3',4,4'-PCB",-8.01,-7.192,Clc1ccc(c(Cl)c1Cl)c2ccc(Cl)c(Cl)c2Cl
"2,2',3,3',5,5',6,6'-PCB",-9.15,-8.304,Clc1cc(Cl)c(Cl)c(c1Cl)c2c(Cl)c(Cl)cc(Cl)c2Cl
"2,2',3,3',5,6-PCB",-8.6,-7.185,Clc1cccc(c1Cl)c2c(Cl)c(Cl)cc(Cl)c2Cl
"2,2',3,3'-PCB",-7.28,-6.079,Clc1cccc(c1Cl)c2cccc(Cl)c2Cl
"2,2',3,4,4',5',6-PCB",-7.92,-7.898,Clc1ccc(c(Cl)c1)c2c(Cl)c(Cl)c(Cl)c(Cl)c2Cl
"2,2',3,4,5,5',6-PCB",-8.94,-7.898,Clc1ccc(Cl)c(c1)c2c(Cl)c(Cl)c(Cl)c(Cl)c2Cl
"2,2',3,4,5,5'-PCB",-7.68,-7.343,Clc1ccc(Cl)c(c1)c2cc(Cl)c(Cl)c(Cl)c2Cl
"2,2',3,4,5-PCB",-7.21,-6.709,Clc1cc(Cl)c(cc1Cl)c2cccc(Cl)c2Cl
"2,2',3,4,6-PCB",-7.43,-6.627,Clc1ccc(c(Cl)c1)c2c(Cl)ccc(Cl)c2Cl
"2,2',3,5,5',6-PCB",-7.42,-7.261,Clc1ccc(Cl)c(c1)c2c(Cl)c(Cl)cc(Cl)c2Cl
"2,2',3,5'-PCB",-6.47,-6.155,Clc1ccc(Cl)c(c1)c2cccc(Cl)c2Cl
"2,2,3-Trimethylbutane",-4.36,-2.922,CC(C)C(C)(C)C
"2,2',4,4',5,5'-PCB",-8.56,-7.343,Clc1cc(Cl)c(cc1Cl)c2cc(Cl)c(Cl)cc2Cl
"2,2',4,4',6,6'-PCB",-8.71,-7.179,Clc1cc(Cl)c(c(Cl)c1)c2c(Cl)cc(Cl)cc2Cl
"2,2',4,5'-PCB",-6.57,-6.23,Clc1ccc(c(Cl)c1)c2cc(Cl)ccc2Cl
"2,2,4,6,6'-PCB",-7.32,-6.545,Clc1cc(Cl)c(c(Cl)c1)c2c(Cl)cccc2Cl
"2,2,4-Trimethylpentane",-4.74,-3.276,CC(C)CC(C)(C)C
"2,2,5-Trimethylhexane",-5.05,-3.631,CC(C)CCC(C)(C)C
"2,2',6,6'-PCB",-7.39,-5.915,Clc1cccc(Cl)c1c2c(Cl)cccc2Cl
"2,2-Dimethyl-1-butanol",-1.04,-1.365,CCC(C)(C)CO
"2,2-Dimethylbutane",-3.55,-2.584,CCC(C)(C)C
"2,2-Dimethylpentane",-4.36,-2.938,CCCC(C)(C)C
"2,2-Dimethylpentanol",-1.52,-1.719,CCCC(C)(C)CO
"2,2-Dimethylpropanol",-0.4,-1.011,CC(C)(C)CO
"2,2'-PCB",-5.27,-4.984,Clc1ccccc1c2ccccc2Cl
"2,3,3',4,4',5-PCB",-7.82,-7.425,Clc1ccc(cc1Cl)c2cc(Cl)c(Cl)c(Cl)c2Cl
"2,3,3',4,4'6-PCB",-7.66,-7.746,Clc1ccc(c(Cl)c1Cl)c2c(Cl)cc(Cl)c(Cl)c2Cl
"2,3',4,4',5-PCB",-7.39,-7.343,Clc1ccc(c(Cl)c1)c2cc(Cl)c(Cl)c(Cl)c2Cl
"2,3',4,4'-PCB",-7.8,-6.709,Clc1ccc(c(Cl)c1)c2ccc(Cl)c(Cl)c2Cl
"2,3,4,5,6-PCB",-7.92,-6.785,Clc2c(Cl)c(Cl)c(c1ccccc1)c(Cl)c2Cl
"2,3',4',5-PCB",-7.25,-6.312,Clc1ccc(Cl)c(c1)c2ccc(Cl)c(Cl)c2
"2,3,4,5-Tetrachlorophenol",-3.15,-4.335,Oc1cc(Cl)c(Cl)c(Cl)c1Cl
"2,3,4,6-Tetrachlorophenol",-3.1,-4.203,Oc1c(Cl)cc(Cl)c(Cl)c1Cl
"2',3,4-PCB",-6.29,-5.686,Clc1ccc(cc1)c2cccc(Cl)c2Cl
"2,3,4'-PCB",-6.26,-5.686,Clc1ccc(cc1)c2cccc(Cl)c2Cl
"2,3,4-Trichlorophenol",-2.67,-3.705,Oc1ccc(Cl)c(Cl)c1Cl
"2,3,4-Trimethylpentane",-4.8,-3.276,CC(C)C(C)C(C)C
"2,3,5,6-Tetrachlorophenol",-3.37,-4.203,Oc1c(Cl)c(Cl)cc(Cl)c1Cl
"2,3',5-PCB",-6.01,-5.762,Clc1cccc(c1)c2cc(Cl)ccc2Cl
"2,3,5-Trichlorophenol",-2.67,-3.78,Oc1cc(Cl)cc(Cl)c1Cl
"2,3,6-Trichlorophenol",-2.64,-3.572,Oc1c(Cl)ccc(Cl)c1Cl
"2,3-Dichloronitrobenzene",-3.48,-3.322,O=N(=O)c1c(Cl)c(Cl)ccc1
"2,3-Dichlorophenol",-1.3,-3.144,Oc1cccc(Cl)c1Cl
"2,3-Dimethyl-1,3-Butadiene",-2.4,-2.052,CC(=C)C(=C)C
"2,3-Dimethylbutane",-3.65,-2.584,CC(C)C(C)C
"2,3-Dimethylnaphthalene",-4.72,-4.116,Cc1cc2ccccc2cc1C
"2,3-Dimethylpentane",-4.28,-2.938,CCC(C)C(C)C
"2,3-Dimethylpyridine",0.38,-2.067,Cc1cccnc1C
"2,4,5-PCB",-6.27,-5.762,Clc1ccc(cc1)c2cc(Cl)ccc2Cl
"2,4',5-PCB",-6.25,-5.762,Clc1ccc(cc1)c2cc(Cl)ccc2Cl
"2,4,5-Trichlorophenol ",-2.21,-3.78,Oc1cc(Cl)c(Cl)cc1Cl
"2,4,6-PCB",-6.14,-5.604,Clc1ccc(cc1)c2c(Cl)cccc2Cl
"2,4,6-Trichlorophenol",-2.34,-3.648,Oc1c(Cl)cc(Cl)cc1Cl
"2,4,6-Trimethylphenol",-2.05,-2.941,Cc1cc(C)c(O)c(C)c1
"2,4,6-Trinitrotoluene",-3.22,-2.606,Cc1c(cc(cc1N(=O)=O)N(=O)=O)N(=O)=O
"2,4-Dichlorophenol ",-1.55,-3.22,Oc1ccc(Cl)cc1Cl
"2,4-Dimethyl-2-pentanol ",-0.92,-1.647,CC(C)CC(C)(C)O
"2,4-Dimethyl-3-pentanol",-1.22,-1.647,CC(C)C(O)C(C)C
"2,4-Dimethyl-3-pentanone",-1.3,-1.752,CC(C)C(=O)C(C)C
"2,4-Dimethylpentane",-4.26,-2.938,CC(C)CC(C)C
"2,4-Dimethylphenol",-1.19,-2.621,Cc1ccc(O)c(C)c1
"2,4-Dimethylpyridine",0.38,-2.098,Cc1ccnc(C)c1
"2,4-Dinitrotoluene",-2.82,-2.604,Cc1ccc(cc1N(=O)=O)N(=O)=O
"2,4'-PCB",-5.28,-5.142,Clc1ccc(cc1)c2ccccc2Cl
"2,4-PCB",-5.25,-5.142,Clc1ccc(cc1)c2ccccc2Cl
"2,6-Dichlorophenol",-1.79,-3.012,Oc1c(Cl)cccc1Cl
"2,6-Dimethylnaphthalene ",-4.89,-4.147,Cc1ccc2cc(C)ccc2c1
"2,6-Dimethylphenol",-1.29,-2.589,Cc1cccc(C)c1O
"2,6-Dimethylpyridine",0.45,-2.098,Cc1cccc(C)n1
"2,6-Dinitrotoluene",-3,-2.553,Cc1c(cccc1N(=O)=O)N(=O)=O
"2,6-PCB",-5.21,-4.984,Clc1cccc(Cl)c1c2ccccc2
"2,7-dimethylquinoline",-1.94,-3.342,c2c(C)cc1nc(C)ccc1c2
2-aminoanthracene,-5.17,-3.789,Nc3ccc2cc1ccccc1cc2c3
2-bromonaphthalene,-4.4,-4.434,c1c(Br)ccc2ccccc12
2-Bromonapthalene,-4.4,-4.434,Brc1ccc2ccccc2c1
2-Bromopropane,-1.59,-1.949,CC(C)Br
2-Bromotoluene,-2.23,-3.667,Cc1ccccc1Br
2-Butanone,0.52,-0.491,CCC(=O)C
2-butenal,0.32,-0.604,CC=CC=O
2-Butoxyethanol,-0.42,-0.775,CCCCOCCO
2-Chloro-2-methylbutane,-2.51,-2.278,CCC(C)(C)Cl
2-Chloroanisole,-2.46,-2.912,COc1ccccc1Cl
2-Chlorobiphenyl,-4.54,-4.528,Clc1ccccc1c2ccccc2
2-Chlorobutane,-1.96,-1.94,CCC(C)Cl
2-Chloronapthalene,-4.14,-4.063,Clc1ccc2ccccc2c1
2-Chlorophenol,-1.06,-2.553,Oc1ccccc1Cl
2-Chloropropane,-1.41,-1.585,CC(C)Cl
2-Chlorotoluene,-3.52,-3.297,Cc1ccccc1Cl
2-cyanoguanidine,-0.31,0.361,NC(N)=NC#N
2-Decanone,-3.3,-2.617,CCCCCCCCC(=O)C
2-Ethyl pyridine,0.51,-2.051,CCc1ccccn1
2-Ethyl-1-butanol,-1.17,-1.381,CCC(CC)CO
2-Ethyl-1-hexanol,-2.11,-2.089,CCCCC(CC)CO
2-Ethyl-2-hexanal,-2.46,-2.081,CCCC=C(CC)C=O
2-Ethylbutanal,-1.52,-1.523,CCC(CC)C=O
2-Ethylhexanal,-2.13,-2.232,CCCCC(CC)C=O
2-Ethylnaphthalene,-4.29,-4.1,CCc1ccc2ccccc2c1
2-Ethyltoluene,-3.21,-3.296,CCc1ccccc1C
2-Heptanol ,-1.55,-1.678,CCCCCC(C)O
2-Heptanone,-1.45,-1.554,CCCCCC(=O)C
2-Hexanol,-0.89,-1.324,CCCCC(C)O
2-Hexanone,-0.8,-1.2,CCCCC(=O)C
2-hydroxypteridine,-1.947,-1.404,Oc2ncc1nccnc1n2
2-Hydroxypyridine,1.02,-1.655,Oc1ccccn1
2-Iodopropane,-2.09,-2.486,CC(C)I
2-Isopropyltoluene,-3.76,-3.585,CC(C)c1ccccc1C
2-methoxypteridine,-1.11,-1.589,COc2ncc1nccnc1n2
2-Methy-2-Butene,-2.56,-1.994,CC=C(C)C
"2-Methyl-1,3-Butadiene ",-2.03,-1.714,CC(=C)C=C
2-Methyl-1-Butene,-2.73,-1.994,CCC(=C)C
2-Methyl-1-Pentene,-3.03,-2.348,CCCC(=C)C
2-Methyl-2-heptanol,-1.72,-2.017,CCCCCC(C)(C)O
2-Methyl-2-hexanol,-1.08,-1.663,CCCCC(C)(C)O
2-Methyl-2-pentanol,-0.49,-1.308,CCCC(C)(C)O
2-Methyl-3-pentanol,-0.7,-1.308,CCC(O)C(C)C
2-Methylanthracene,-6.96,-4.87,Cc1ccc2cc3ccccc3cc2c1
2-Methylbutan-2-ol,0.15,-0.954,CCC(C)(C)O
2-Methylbutane,-3.18,-2.245,CCC(C)C
2-Methylbutanol,-0.47,-1.027,CCC(C)CO
2-Methylheptane,-5.08,-3.308,CCCCCC(C)C
2-Methylnapthalene,-3.77,-3.802,Cc1ccc2ccccc2c1
2-Methylpentane,-3.74,-2.6,CCCC(C)C
2-Methylpentanol,-1.11,-1.381,CCCC(C)CO
2-Methylphenanthrene,-5.84,-4.87,Cc1ccc2c(ccc3ccccc32)c1
2-Methylphenol,-0.62,-2.281,Cc1ccccc1O
2-Methylpropan-1-ol,0.1,-0.672,CC(C)CO
2-Methylpropane,-2.55,-1.891,CC(C)C
2-Methylpropene,-2.33,-1.573,CC(=C)C
2-methylpteridine,-0.12,-1.24,Cc2ncc1nccnc1n2
2-Methyltetrahydrofurane,0.11,-1.034,CC1CCCO1
2-Napthol,-2.28,-3.08,Oc1ccc2ccccc2c1
2-Nitropropane,-0.62,-0.743,CC(C)N(=O)=O
2-Nonanol,-2.74,-2.387,CCCCCCCC(C)O
2-Nonanone,-2.58,-2.263,CCCCCCCC(=O)C
2-Octanol,-2.09,-2.033,CCCCCCC(C)O
2-Octanone,-2.05,-1.909,CCCCCCC(=O)C
2-Pentanol,-0.29,-0.97,CCCC(C)O
2-Pentanone,-0.19,-0.846,CCCC(=O)C
2-Phenoxyethanol,-0.7,-1.761,OCCOc1ccccc1
2-Propanol,0.43,-0.261,CC(C)O
2-pyrrolidone,1.07,0.243,O=C1CCCN1
2-Undecanol,-2.94,-3.096,CCCCCCCCCC(C)O
"3,3-Dimethyl-1-butanol",-0.5,-1.365,CC(C)(C)CCO
"3,3-Dimethyl-2-butanol",-0.62,-1.292,CC(O)C(C)(C)C
"3,3-Dimethyl-2-butanone",-0.72,-1.25,CC(=O)C(C)(C)C
"3,3-Dimethylpentane",-4.23,-2.938,CCC(C)(C)CC
"3,4-Dichloronitrobenzene",-3.2,-3.448,O=N(=O)c1cc(Cl)c(Cl)cc1
"3,4-Dichlorophenol",-1.25,-3.352,Oc1ccc(Cl)c(Cl)c1
"3,4-Dimethylphenol",-1.38,-2.621,Cc1ccc(O)cc1C
"3,4-Dimethylpyridine",0.36,-2.067,Cc1ccncc1C
"3,4-PCB",-6.39,-5.223,Clc1ccc(cc1Cl)c2ccccc2
"3,5-Dichlorophenol",-1.34,-3.428,Oc1cc(Cl)cc(Cl)c1
"3,5-Dimethylphenol",-1.4,-2.652,Cc1cc(C)cc(O)c1
"3,5-Dimethylpyridine",0.38,-2.098,Cc1cncc(C)c1
3-Butanoyloxymethylphenytoin,-5.071,-3.469,O=C1N(COC(=O)CCC)C(=O)C(N1)(c2ccccc2)c3ccccc3
3-Chloroanisole,-2.78,-3.057,COc1cccc(Cl)c1
3-Chlorobiphenyl,-4.88,-4.685,c1c(Cl)cccc1c2ccccc2
3-Chlorophenol,-0.7,-2.761,Oc1cccc(Cl)c1
3-chloropropionitrile,-0.29,-0.522,ClCCC#N
3-Ethanoyloxymethylphenytoin,-4.47,-2.723,O=C1N(COC(=O)C)C(=O)C(N1)(c2ccccc2)c3ccccc3
3-Ethyl-3-pentanol,-0.85,-1.663,CCC(O)(CC)CC
3-Heptanol ,-1.47,-1.678,CCCCC(O)CC
3-Heptanoyloxymethylphenytoin,-6.301,-4.496,O=C1N(COC(=O)CCCCCC)C(=O)C(N1)(c2ccccc2)c3ccccc3
3-Hexanol,-0.8,-1.324,CCCC(O)CC
3-Hexanone,-0.83,-1.266,CCCC(=O)CC
3-Hexanoyloxymethylphenyltoin,-5.886,-4.153,O=C1N(COC(=O)CCCCC)C(=O)C(N1)(c2ccccc2)c3ccccc3
3-Hexyne,-1.99,-1.933,CCC#CCC
3-Methyl-1-Butene,-2.73,-1.994,CC(C)C=C
3-Methyl-2-butanol,-0.18,-0.954,CC(C)C(C)O
3-Methyl-2-butanone,-0.12,-0.912,CC(C)C(=O)C
3-Methyl-2-pentanol,-0.72,-1.381,CCC(C)CCO
3-Methyl-2-pentanol,-0.71,-1.308,CCC(C)CCO
3-Methyl-2-pentanone,-0.67,-1.266,CCC(C)C(=O)C
3-Methyl-3-heptanol,-1.6,-2.017,CCCCC(C)(O)CC
3-Methyl-3-hexanol,-0.98,-1.663,CCCC(C)(O)CC
3-Methyl-3-pentanol,-0.36,-1.308,CCC(C)(O)CC
3-Methylbutan-1-ol,-0.51,-1.027,CC(C)CCO
3-Methylcholanthrene,-7.92,-6.311,c1cc(C)cc2c1c3cc4cccc5CCc(c45)c3cc2
3-Methylheptane,-5.16,-3.308,CCCCC(C)CC
3-methylindole,-2.42,-2.981,Cc1c[nH]c2ccccc12
3-Methylpentane,-3.68,-2.6,CCC(C)CC
3-Methylphenol,-0.68,-2.313,Cc1cccc(O)c1
3-Octanol,-1.98,-2.033,CCCCCC(O)CC
3-Octanoyloxymethylphenytoin,-6.523,-4.84,O=C1N(COC(=O)CCCCCCC)C(=O)C(N1)(c2ccccc2)c3ccccc3
3-Pentanol,-0.24,-0.97,CCC(O)CC
3-Pentanone,-0.28,-0.912,CCC(=O)CC
3-Pentanoyloxymethylphenytoin,-4.678,-3.81,O=C1N(COC(=O)CCCC)C(=O)C(N1)(c2ccccc2)c3ccccc3
3-Propanoyloxymethylphenytoin,-4.907,-3.128,O=C1N(COC(=O)CC)C(=O)C(N1)(c2ccccc2)c3ccccc3
"4,4'-PCB",-6.56,-5.299,Clc1ccc(cc1)c2ccc(Cl)cc2
4-Bromophenol,-1.09,-3.132,Oc1ccc(Br)cc1
4-Bromotoluene,-3.19,-3.667,Cc1ccc(Br)cc1
4-Chloroanisole,-2.78,-3.057,COc1ccc(Cl)cc1
4-Chlorophenol ,-0.7,-2.761,Oc1ccc(Cl)cc1
4-Chlorotoluene,-3.08,-3.297,Cc1ccc(Cl)cc1
4-Ethyltoluene,-3.11,-3.328,CCc1ccc(C)cc1
4-Heptanol,-1.4,-1.678,CCCC(O)CCC
4-Heptanone,-1.3,-1.62,CCCC(=O)CCC
4-hexylresorcinol,-2.59,-3.493,c1(O)cc(O)ccc1CCCCCC
4-hydroxypyridine,1.02,-1.655,Oc1ccncc1
4-Isopropyltoluene,-3.77,-3.617,CC(C)c1ccc(C)cc1
4-methoxypteridine,-1.11,-1.589,COc1ncnc2nccnc12
4-Methyl-2-pentanol,-0.8,-1.308,CC(C)CC(C)O
4-Methyl-2-pentanone,-0.74,-1.184,CC(C)CC(=O)C
4-Methylbiphenyl,-4.62,-4.424,Cc1ccc(cc1)c2ccccc2
4-Methylpentanol,-1.14,-1.381,CC(C)CCCO
4-methylpteridine,-0.466,-1.24,Cc1ncnc2nccnc12
4-Nitroacetanilide,-2.692,-2.219,CC(=O)Nc1ccc(cc1)N(=O)=O
4-Pentene-1-ol,-0.15,-0.791,OCCCC=C
5-(3-Methyl-2-butenyl)-5-ethylbarbital,-2.253,-2.126,O=C1NC(=O)NC(=O)C1(CC)CC=C(C)C
5-(3-Methyl-2-butenyl)-5-isoPrbarbital,-2.593,-2.465,O=C1NC(=O)NC(=O)C1(C(C)C)CC=C(C)C
"5,5-Diallylbarbital",-2.077,-1.471,O=C1NC(=O)NC(=O)C1(CC=C)CC=C
"5,5-Diisopropylbarbital",-2.766,-1.942,O=C1NC(=O)NC(=O)C1(C(C)C)C(C)C
"5,5-Dimethylbarbituric acid",-1.742,-0.556,O=C1NC(=O)NC(=O)C1(C)C
"5,6,7,8-tetrahydro-2-naphthol",-1.99,-3.086,Oc2ccc1CCCCc1c2
"5,6-Dimethylchrysene",-7.01,-6.265,Cc1c(C)c2c3ccccc3ccc2c4ccccc14
5-Allyl-5-ethylbarbital,-1.614,-1.368,O=C1NC(=O)NC(=O)C1(CC)CC=C
5-Allyl-5-isopropylbarbital,-1.708,-1.706,O=C1NC(=O)NC(=O)C1(C(C)C)CC=C
5-Allyl-5-methylbarbital,-1.16,-1.013,O=C1NC(=O)NC(=O)C1(C)CC=C
5-Allyl-5-phenylbarbital,-2.369,-2.36,O=C1NC(=O)NC(=O)C1(CC=C)c1ccccc1
5-Ethyl-5-(3-methylbutyl)barbital,-2.658,-2.312,O=C1NC(=O)NC(=O)C1(CC)CCC(C)C
5-Ethyl-5-isopropylbarbituric acid,-2.148,-1.603,O=C1NC(=O)NC(=O)C1(CC)C(C)C
5-Ethyl-5-phenylbarbital,-2.322,-2.272,O=C1NC(=O)NC(=O)C1(CC)c1ccccc1
5-fluorouracil,-1.077,-0.792,Fc1c[nH]c(=O)[nH]c1=O
5-hydroxyquinoline,-2.54,-2.725,Oc1cccc2ncccc12
5-Methyl-5-ethylbarbituric acid,-1.228,-0.911,O=C1NC(=O)NC(=O)C1(C)CC
5-Methylchrysene,-6.59,-5.931,c1cccc2c3c(C)cc4ccccc4c3ccc12
5-methylcytosine,-1.458,-0.257,Nc1c(C)c[nH]c(=O)n1
5-Nonanone,-2.58,-2.329,CCCCC(=O)CCCC
6-aminochrysene,-6.2,-4.849,Nc3cc2c1ccccc1ccc2c4ccccc34
6-hydroxyquinoline,-2.16,-2.725,Oc2ccc1ncccc1c2
6-methoxypteridine,-1.139,-1.589,COc2cnc1ncncc1n2
6-Methylchrysene,-6.57,-5.931,Cc1cc2c3ccccc3ccc2c4ccccc14
"7,12-Dimethylbenz(a)anthracene",-7.02,-6.297,Cc1c2ccccc2c(C)c3ccc4ccccc4c13
7-methoxypteridine,-0.91,-1.589,COc2cnc1cncnc1n2
7-methylpteridine,-0.854,-1.24,Cc2cnc1cncnc1n2
8-quinolinol,-2.42,-2.725,Oc1cccc2cccnc12
"9,10-Dimethylanthracene",-6.57,-5.228,Cc1c2ccccc2c(C)c3ccccc13
9-anthrol,-4.73,-4.148,c3ccc2c(O)c1ccccc1cc2c3
9-Methylanthracene,-5.89,-4.87,Cc1c2ccccc2cc3ccccc13
Abate,-6.237,-6.678,COP(=S)(OC)Oc1ccc(Sc2ccc(OP(=S)(OC)OC)cc2)cc1
Acenapthene,-4.63,-3.792,C1Cc2cccc3cccc1c23
Acenapthylene,-3.96,-3.682,C1=Cc2cccc3cccc1c23
Acephate,0.54,-0.416,COP(=O)(NC(C)=O)SC
Acetamide,1.58,0.494,CC(=O)N
Acetanilide,-1.33,-1.857,CC(=O)Nc1ccccc1
acetazolamide,-2.36,-0.793,CC(=O)Nc1nnc(s1)S(N)(=O)=O
Acetonitrile,0.26,0.152,CC#N
Acetophenone,-1.28,-2.078,CC(=O)c1ccccc1
acetyl sulfisoxazole,-3.59,-2.024,CC(=O)N(S(=O)c1ccc(N)cc1)c2onc(C)c2C
Acridine,-3.67,-3.846,c3ccc2nc1ccccc1cc2c3
Acrolein,0.57,-0.184,C=CC=O
Acrylonitrile,0.15,-0.354,C=CC#N
adenine,-2.12,-1.255,Nc1ncnc2nc[nH]c12
adrenosterone,-3.48,-2.99,CC34CC(=O)C1C(CCC2=CC(=O)CCC12C)C3CCC4(=O)
alachlor,-3.26,-3.319,CCc1cccc(CC)c1N(COC)C(=O)CCl
aldosterone,-3.85,-3.066,CC13CCC(=O)C=C1CCC4C2CCC(C(=O)CO)C2(CC(O)C34)C=O
Aldrin,-6.307,-5.511,ClC1=C(Cl)C2(Cl)C3C4CC(C=C4)C3C1(Cl)C2(Cl)Cl
allantoin,-1.6,0.652,NC(=O)NC1NC(=O)NC1=O
allicin,-0.83,-2.045,C=CCS(=O)SCC=C
allopurinol,-2.266,-0.84,O=c1[nH]cnc2[nH]ncc12
alloxan,-1.25,0.436,O=C1NC(=O)C(=O)C(=O)N1
alloxantin,-1.99,0.919,C1(=O)NC(=O)NC(=O)C1(O)C2(O)C(=O)NC(=O)NC2(=O)
Altretamine,-3.364,-2.492,CN(C)c1nc(nc(n1)N(C)C)N(C)C
Ametryn,-3.04,-3.43,CCNc1nc(NC(C)C)nc(SC)n1
Amigdalin,-0.77,-0.974,OCC3OC(OCC2OC(OC(C#N)c1ccccc1)C(O)C(O)C2O)C(O)C(O)C3O
Aminocarb,-2.36,-2.677,CNC(=O)Oc1ccc(N(C)C)c(C)c1
aminopyrine,-0.364,-2.129,CN(C)c2c(C)n(C)n(c1ccccc1)c2=O
aminothiazole,-0.36,-1.226,Nc1nccs1
Amitraz,-5.47,-5.533,CN(C=Nc1ccc(C)cc1C)C=Nc2ccc(C)cc2C
Amitrole,0.522,-0.674,Nc1nc[nH]n1
Amobarbital,-2.468,-2.312,CCC1(CCC(C)C)C(=O)NC(=O)NC1=O
ampyrone,-0.624,-1.192,Cc2c(N)c(=O)n(c1ccccc1)n2C
Ancymidol,-2.596,-2.181,COc1ccc(cc1)C(O)(C2CC2)c3cncnc3
Androstenedione,-3.69,-3.393,CC34CCC1C(CCC2=CC(=O)CCC12C)C3CCC4=O
Androsterone,-4.402,-3.882,CC12CCC(O)CC1CCC3C2CCC4(C)C3CCC4=O
Anethole,-3.13,-3.254,COc1ccc(C=CC)cc1
Aniline ,-0.41,-1.632,Nc1ccccc1
Anilofos,-4.432,-5.106,COP(=S)(OC)SCC(=O)N(C(C)C)c1ccc(Cl)cc1
Anisole,-1.85,-2.368,COc1ccccc1
Anthracene,-6.35,-4.518,c1ccc2cc3ccccc3cc2c1
Anthraquinone,-5.19,-3.34,O=C1c2ccccc2C(=O)c3ccccc13
Antipyrene,0.715,-1.733,Cc1cc(=O)n(c2ccccc2)n1C
Apazone,-3.538,-2.9,CCCC1C(=O)N3N(C1=O)c2cc(C)ccc2N=C3N(C)C
"Atovaquone(0,430mg/ml) - neutral",-5.931,-6.269,OC4=C(C1CCC(CC1)c2ccc(Cl)cc2)C(=O)c3ccccc3C4=O
Atratone,-2.084,-3.185,CCNc1nc(NC(C)C)nc(OC)n1
Atrazine,-3.85,-3.069,CCNc1nc(Cl)nc(NC(C)C)n1
Azintamide,-1.716,-2.231,CCN(CC)C(=O)CSc1ccc(Cl)nn1
Azobenzene,-4.45,-4.034,N(=Nc1ccccc1)c2ccccc2
Azodrin,0.651,-0.949,CNC(=O)C=C(C)OP(=O)(OC)OC
Barban,-4.37,-4.16,ClCC#CCOC(=O)Nc1cccc(Cl)c1
Barbital,-2.4,-1.265,O=C1NC(=O)NC(=O)C1(CC)CC
Bendroflumethiazide,-3.59,-3.741,NS(=O)(=O)c3cc2c(NC(Cc1ccccc1)NS2(=O)=O)cc3C(F)(F)F
Benfluralin,-5.53,-5.205,CCCCN(CC)c1c(cc(cc1N(=O)=O)C(F)(F)F)N(=O)=O
Benfuracarb,-4.71,-5.133,CCOC(=O)CCN(SN(C)C(=O)Oc1cccc2CC(C)(C)Oc21)C(C)C
benodanil,-4.21,-4.245,c1c(NC(=O)c2ccccc2(I))cccc1
Benomyl,-4.883,-2.902,CCCCNC(=O)n1c(NC(=O)OC)nc2ccccc12
Bensulide,-4.2,-4.99,CC(C)OP(=S)(OC(C)C)SCCNS(=O)(=O)c1ccccc1
Benzaldehyde,-1.19,-1.999,O=Cc1ccccc1
Benzamide,-0.96,-1.501,NC(=O)c1ccccc1
Benzene ,-1.64,-2.418,c1ccccc1
benzhydrol,-2.55,-3.033,c1ccccc1C(O)c2ccccc2
Benznidazole,-2.81,-2.321,O=C(Cn1ccnc1N(=O)=O)NCc2ccccc2
Benzo(a)fluorene,-6.68,-5.189,C1c2ccccc2c3ccc4ccccc4c13
Benzo(a)pyrene,-8.699,-6.007,c1ccc2c(c1)cc3ccc4cccc5ccc2c3c45
Benzo(b)fluoranthene,-8.23,-6.007,c1ccc2c(c1)c3cccc4c3c2cc5ccccc54
Benzo(b)fluorene,-8.04,-5.189,C1c2ccccc2c3cc4ccccc4cc13
Benzo(e)pyrene,-7.8,-6.007,c1ccc2c(c1)c3cccc4ccc5cccc2c5c43
Benzo(j)fluoranthene,-8,-6.007,c1ccc2c3c(ccc2c1)c4cccc5cccc3c45
Benzo(k)fluoranthene,-8.49,-6.007,c1ccc2cc3c4cccc5cccc(c3cc2c1)c45
Benzo[ghi]perylene,-9.018,-6.446,c1cc2ccc3ccc4ccc5cccc6c(c1)c2c3c4c56
Benzocaine,-2.616,-2.383,CCOC(=O)c1ccc(N)cc1
benzoin,-2.85,-3.148,OC(C(=O)c1ccccc1)c2ccccc2
Benzonitrile,-1,-2.03,N#Cc1ccccc1
Benzophenone,-3.12,-3.612,O=C(c1ccccc1)c2ccccc2
benzothiazole,-1.5,-2.733,c2ccc1scnc1c2
Benzotriazole,-0.78,-2.21,c2ccc1[nH]nnc1c2
Benzoxazole,-1.16,-2.214,c2ccc1ocnc1c2
Benzylchloride,-2.39,-2.887,ClCc1ccccc1
Benzyltrifluoride,-2.51,-3.099,FC(F)(F)c1ccccc1
benzylurea,-0.95,-1.509,NC(=O)NCc1ccccc1
Betamethasone-17-valerate,-4.71,-5.062,CCCCC(=O)OC3(C(C)CC4C2CCC1=CC(=O)C=CC1(C)C2(F)C(O)CC34C)C(=O)CO
Bibenzyl ,-4.62,-4.301,C(Cc1ccccc1)c2ccccc2
Biphenyl,-4.345,-4.079,c1ccc(cc1)c2ccccc2
biquinoline,-5.4,-4.903,c2ccc1nc(ccc1c2)c4ccc3ccccc3n4
borneol,-2.32,-2.423,CC1(C)C2CCC1(C)C(O)C2
Bromacil,-2.523,-3.419,CCC(C)n1c(=O)[nH]c(C)c(Br)c1=O
bromadiolone,-4.445,-7.877,OC(CC(c1ccccc1)c3c(O)c2ccccc2oc3=O)c4ccc(cc4)c5ccc(Br)cc5
Bromobenzene,-2.55,-3.345,Brc1ccccc1
Bromochloromethane,-0.89,-1.519,ClCBr
Bromodichloromethane,-1.54,-2.176,BrC(Cl)Cl
Bromoethane,-1.09,-1.529,CCBr
Bromomethane,-0.79,-1.109,CBr
Bromophos,-6.09,-5.604,COP(=S)(OC)Oc1cc(Cl)c(Br)cc1Cl
bromopropylate,-4.93,-5.833,CC(C)OC(=O)C(O)(c1ccc(Br)cc1)c2ccc(Br)cc2
bromoxynil,-3.33,-3.793,Oc1c(Br)cc(C#N)cc1Br
brompyrazone,-3.127,-3.005,c1ccccc1n2ncc(N)c(Br)c2(=O)
bupirimate,-4.16,-3.493,CCCCc1c(C)nc(NCC)nc1OS(=O)(=O)N(C)C
Butabarbital,-2.39,-1.958,O=C1NC(=O)NC(=O)C1(CC)C(C)CC
butacarb,-4.24,-4.642,c1(C(C)(C)C)cc(C(C)(C)C)cc(OC(=O)NC)c1
butachlor,-4.19,-4.347,CCCCOCN(C(=O)CCl)c1c(CC)cccc1CC
butallylonal,-2.647,-2.766,CCC(C)C1(CC(Br)=C)C(=O)NC(=O)NC1=O
Butamben,-3.082,-3.039,CCCCOC(=O)c1ccc(N)cc1
Butan-2-ol,0.47,-0.616,CCC(C)O
Butane,-2.57,-1.907,CCCC
Butanethiol ,-2.18,-1.676,CCCCS
Butethal,-1.661,-1.974,CCCCC1(CC)C(=O)NC(=O)NC1=O
Buthidazole,-1.877,-2.398,CN1CC(O)N(C1=O)c2nnc(s2)C(C)(C)C
Buturon,-3.9,-3.199,CC(C#C)N(C)C(=O)Nc1ccc(Cl)cc1
Butyl acetate,-1.37,-1.111,CCCCOC=O
Butylate,-3.68,-3.453,CCSC(=O)N(CC(C)C)CC(C)C
Butylbenzene,-4.06,-3.585,CCCCc1ccccc1
Butyraldehyde,-0.01,-0.749,CCCC=O
Caffeine,-0.876,-1.498,Cn1cnc2n(C)c(=O)n(C)c(=O)c12
Camphor,-1.96,-2.158,CC1(C)C2CCC1(C)C(=O)C2
Caproaldehyde,-1.3,-1.457,CCCCCC=O
captafol,-5.4,-4.365,ClC(Cl)C(Cl)(Cl)SN2C(=O)C1CC=CCC1C2=O
Carbanilide,-3.15,-3.611,O=C(Nc1ccccc1)Nc2ccccc2
Carbaryl,-3.224,-3.087,CNC(=O)Oc1cccc2ccccc12
Carbazole,-5.27,-3.836,c1ccc2c(c1)[nH]c3ccccc32
Carbetamide,-1.83,-2.29,c1c(NC(=O)OC(C)C(=O)NCC)cccc1
Carbofuran,-2.8,-3.05,CNC(=O)Oc1cccc2CC(C)(C)Oc12
Carbophenthion,-5.736,-5.828,CCOP(=S)(OCC)SCSc1ccc(Cl)cc1
Carboxin,-3.14,-2.927,CC1=C(SCCO1)C(=O)Nc2ccccc2
Carbromal,-2.68,-2.198,CCC(Br)(CC)C(=O)NC(N)=O
Carvacrol,-2.08,-3.224,c1(O)c(C)ccc(C(C)C)c1
Carvone,-2.06,-2.042,CC(=C)C1CC=C(C)C(=O)C1
chloralose,-1.84,-1.887,OCC(O)C2OC1OC(OC1C2O)C(Cl)(Cl)Cl
Chloramphenicol,-2.111,-2.613,OCC(NC(=O)C(Cl)Cl)C(O)c1ccc(cc1)N(=O)=O
Chlorazine,-4.411,-3.663,CCN(CC)c1nc(Cl)nc(n1)N(CC)CC
Chlorbromuron,-3.924,-3.938,CON(C)C(=O)Nc1ccc(Br)c(Cl)c1
Chlorbufam,-2.617,-3.629,CC(OC(=O)Nc1cccc(Cl)c1)C#C
Chlordane,-6.86,-6.039,ClC1CC2C(C1Cl)C3(Cl)C(=C(Cl)C2(Cl)C3(Cl)Cl)Cl
Chlordene,-5.64,-5.152,ClC2=C(Cl)C3(Cl)C1C=CCC1C2(Cl)C3(Cl)Cl
chlordimeform,-2.86,-3.164,CN(C)C=Nc1ccc(Cl)cc1C
Chlorimuron-ethyl (ph 7),-4.576,-3.719,CCOC(=O)c1ccccc1S(=O)(=O)NN(C=O)c2nc(Cl)cc(OC)n2
chloroacetamide,-0.02,-0.106,NC(=O)CCl
Chloroacetonitrile,-0.092,-0.448,ClCC#N
Chlorobenzene,-2.38,-2.975,Clc1ccccc1
Chlorodibromethane,-1.9,-2.54,ClC(Br)Br
Chloroethane,-1.06,-1.165,ClCC
Chloroethylene,-1.75,-1.188,ClC=C
